filename,words
2.jpg,Tel
4.jpg,Lindsey_Coge Vaqueros nuns
3.jpg,Jinglei @ Extensive
13.jpg,~Bombed Discourse
1.jpg,whishes Jews Lunenburg $
6.jpg,Enough Wiener
16.jpg,129 Reykjavik Chip &
8.jpg,Highland " Weaver Overpowered  
17.jpg,KOHGILUYEH leasing
14.jpg,Heavenly Truman immorality
9.jpg,Corvallis Jakwob
15.jpg,Onkilon RMS |
12.jpg,Viday : Barony 2387564
7.jpg,{ORLG} DOOM Selective
10.jpg,Item
18.jpg,CONSTELLATION
22.jpg,Swamy Carys Personified
25.jpg,BALTIC :
20.jpg,Reunite Chill '
19.jpg,KETTERING
33.jpg,3516 Feral
30.jpg,Dayari
29.jpg,displace `
36.jpg,nonconvex? Nielsen
28.jpg,Except } Csx?
26.jpg,Aic VIPAKAYA
35.jpg,Brigham
38.jpg,consequently
40.jpg,Andrea Gazoo
37.jpg,631 Kamhlaba
39.jpg,547190 soddyite Partick
46.jpg,Comte ages
41.jpg,Zhejiang < 48625
43.jpg,NEAR Fred \
0.jpg,Fukushima
5.jpg,Comparative
47.jpg,Mortality Qualifications
42.jpg,Photographing Extracts
45.jpg,Specimens Militia % Jiang
48.jpg,Gojo-Barocci? . Walt
21.jpg,Umpires
51.jpg,Carlotta
23.jpg,Innocent Westlake Aeschinus
24.jpg,nikah Jutland_blissfully
27.jpg,Baylor ?
61.jpg,Hana (
62.jpg,Pygmalion
32.jpg,customizable ] 908172
54.jpg,Pharamond
57.jpg,Thinker Reinforce
60.jpg,random
55.jpg,Symbolic demonization :
59.jpg,Limitations Mecca
34.jpg,Highs {Orecta}
66.jpg,31458 ~
65.jpg,Dolby
68.jpg,Squad #faint Bangor
67.jpg,VALGA # Kitson {
71.jpg,86,154926 \
74.jpg,LSSP Rules
70.jpg,NIRAJULUI } Yvonne ] Odisha
83.jpg,USNS MERIJN _
73.jpg,Disband Kygo -
49.jpg,flexible /
44.jpg,(895261) Greenery {Wemyss-Islamist}
80.jpg,Aitken
84.jpg,Holiness Fallow
86.jpg,[Psychiatric] % undisciplined
88.jpg,Modification
92.jpg,KCMG "Images-Herri;"
95.jpg,babysitting Ling
50.jpg,Passed # Speciation 73502
93.jpg,76 ! Coadjutor
52.jpg,HAWKESLEY
96.jpg,4375802 - 96180 Peril
91.jpg,ETHEREAL Pentridge Harps
98.jpg,Name Commissioners
89.jpg,Venice BABN_modifications
94.jpg,(MOSQUE)
63.jpg,Stv
102.jpg,"Ethafoam" 30,142860
97.jpg,{Ratha;} Waterford Deberawewa
101.jpg,did? Vocalist &
100.jpg,07865 Sellin
105.jpg,7968*2961357 | Punk
103.jpg,Coquitlam
69.jpg,Safeguards Haitian Decorating
107.jpg,cooled
110.jpg,Nei . Loss 1832-4 ^
108.jpg,'Shine'
111.jpg,Hamleys
72.jpg,Streetfront Foxwoods grammarians
109.jpg,Orchids Kannon
76.jpg,log BINZ Attenborough
113.jpg,empathy
78.jpg,pioneering Valmiki 702 )
85.jpg,drums Llanelli
116.jpg,(Includes) Flagellum 784 @
115.jpg,[16203] ,
117.jpg,Nantmawr
118.jpg,"Jawless"
121.jpg,institutions Fan Pizza &
127.jpg,Eubacteria
114.jpg,Majesty #Waitemata ,
125.jpg,2-861 Cvd
132.jpg,Vaughan Aramean
135.jpg,Let
99.jpg,41267.2 *
128.jpg,Faber
136.jpg,REVIVALS diverted Purser
130.jpg,Hardberger Subjects
131.jpg,{Auto_Souhrada} ,
140.jpg,Belas < Opium Parc
106.jpg,Matchplay Ilyas 'DATONG'
137.jpg,adequate-INES : Justifying
133.jpg,5-901725
138.jpg,Pukhraj
139.jpg,Circa + {Ranji}
146.jpg,Zealand € Turbonilla
112.jpg,BLANCA Berthon:
119.jpg,Savagely Olive Millard
147.jpg,prickly phosphate
120.jpg,Dramatics
143.jpg,Woodruff Retitle @Autoreactive ?
155.jpg,148
150.jpg,0493286
145.jpg,Equatoguinean Ienari #Unheilig
122.jpg,Annexes Fraction Veet
123.jpg,completely
151.jpg,Gaan hobbyists_Three
148.jpg,ex + malformed Nizhny
159.jpg,89 While Hovevei
126.jpg,Camino DEEPENS
161.jpg,HIV
158.jpg,enjoys_inhabited } METAMATERIALS
129.jpg,Noam
157.jpg,Universal $ Radomir
167.jpg,Knitro Quaffs -
160.jpg,Preah chronicled
164.jpg,~IANA Viczay
169.jpg,Uts ; Exemption Mussels
163.jpg,hyacinth symbolic Proterozoic *
165.jpg,Reno
166.jpg,Marseille Biomass
178.jpg,574 Amazon
175.jpg,8972631 Exploited
181.jpg,unadjusted FNHP *
182.jpg,Platted Landfall
173.jpg,Insane & AQUILION '
144.jpg,Oahu &
174.jpg,Uva Roland_Buslines
177.jpg,BFA Wendy Quartets ~
176.jpg,Gm Fajans inform
179.jpg,Westholm
152.jpg,Mosque Mizuno Ira
180.jpg,Anthroposophy Excitation
192.jpg,Earliest WOWED
185.jpg,DUTIFUL captaincy . Peloponnese
190.jpg,Synthesizing DAMALLSVENSKAN Nhl
186.jpg,Vhf?
156.jpg,Eiffel _ Rakoff
193.jpg,672495 Flumes jest
188.jpg,sublimity driveshaft
162.jpg,Furniture
198.jpg,Government 76 Nichia
196.jpg,stairs
200.jpg,Vidant Konjaku
202.jpg,Hele \ Pollination
199.jpg,Permission
168.jpg,Buddhist / 873024+13945 Peruvian
201.jpg,"Oldway_Mayank" Yost ,
170.jpg,EYE-dissonant ( Obliquely .
204.jpg,Wnox gym Readable
206.jpg,alleys
205.jpg,Diamonds
208.jpg,Woman
171.jpg,financialization
210.jpg,practicable UKZN
211.jpg,Postulated
207.jpg,Vasant Greenhalge
184.jpg,Unauthorized
217.jpg,Crowdtap Goes
215.jpg,Yuhaviatam commercialize Celta
216.jpg,'Wivianne' 2410 [stutters] }
219.jpg,Inoki
191.jpg,1 .
222.jpg,[manipulation] Quakers
218.jpg,Ipgrave Unification <
220.jpg,Vertumnus # Armored
187.jpg,recited Autumn Zaheem
223.jpg,monophyletic-Coos
213.jpg,Lviv > (Spadaro) &
194.jpg,CORROSION Universities =
197.jpg,Waterman STAR Jools
224.jpg,FPE / (IHI) Jame
230.jpg,Rusher
226.jpg,CD
231.jpg,Widow Obtaining
228.jpg,ecology Vrio
203.jpg,Commune Mindful
229.jpg,Jonubi (Craoibh) |
234.jpg,"Begum" &
237.jpg,Help $
233.jpg,13 Nagoya
236.jpg,warehouses / Upper @ COCL
238.jpg,Rasquin ^ 5213 '
235.jpg,Guzman Bonjour ,
232.jpg,Continual > Delhi-Margrave '
244.jpg,Unit
247.jpg,Refuse 3 -
212.jpg,Kiwi LURHQ
250.jpg,Najafi
241.jpg,Somalo cataloging -
245.jpg,Halloween }
243.jpg,Epsom Youth Wto
214.jpg,Choreograph
254.jpg,Benjamin
221.jpg,Warta
253.jpg,Stock @PERSONIFIED OCA
252.jpg,Homesick 7104
259.jpg,motorway Stabilizing;
225.jpg,Victim? 34971
255.jpg,[inquestionably] Louvre
256.jpg,Geometric ! functioned Camino
264.jpg,3 @Longford Ginzburg
258.jpg,{9074562,64802} Transiting Trick
227.jpg,AZERBAIJAN
263.jpg,Feuilles
267.jpg,Jehan
269.jpg,Ohv 62 Defensive
240.jpg,DIVERSIFIED
268.jpg,Xxii Determined : napping
272.jpg,destroyers unmasks
239.jpg,Zeke
271.jpg,Loricatosaurus SPLENDOUR
270.jpg,Powerpc Clinique
246.jpg,Overdose
242.jpg,Regionalbahn 329 & Bulle
273.jpg,Pfefferman Tor
251.jpg,Eton
265.jpg,Takao conveyors TENTS
249.jpg,3 362 Malvaloca
274.jpg,Kobayashi Batons 1796350
275.jpg,(Sigmundsson)
283.jpg,Jurnee
278.jpg,AMAZING
281.jpg,jurisdictions DUARTE (
287.jpg,Bombay \
279.jpg,Artemisia
290.jpg,METALS excessively
280.jpg,Rojas * Kunigunde
261.jpg,Synonym Nursery
289.jpg,rejoins autumn
292.jpg,Newtownshanrum #Nutritional Cnnum
262.jpg,Buckenham rib
293.jpg,Watteau €
296.jpg,Ken Charter Slieve
288.jpg,soldier ~toxic
285.jpg,supporters McElhone-fRoots
295.jpg,Martinique Ictr
260.jpg,@Bowling Kresy
297.jpg,Wickremesooriya
301.jpg,TBI ! 0+128395
303.jpg,Hambley
298.jpg,Pontenet Submersible { Gamepad
299.jpg,Warner } bar 'joke'
308.jpg,Lathicharged? addicts
305.jpg,Hietaniemi
302.jpg,Vaishnavite Mahratta
306.jpg,Naphish Storybooks
316.jpg,critiqued Hymenial MacNab
319.jpg,Gilmor: Seyfert [Marion]
307.jpg,7 PICKPOCKET Rithwik
315.jpg,80134 794+4071
321.jpg,Jahan = Vaguest {ESX} €
312.jpg,CONSOLES 4623781,0213 Hired ,
323.jpg,@Richie Rapids
325.jpg,Munch-Mono
320.jpg,45,856307 Westerly >
276.jpg,Zumtobel Mazeroski _ 043652 .
324.jpg,Dikarya
326.jpg,{afford} redacted 6
328.jpg,Lyn Pe Waddle
330.jpg,Okujaye
336.jpg,Geographer 93 ? Metz
331.jpg,Orytha Dad /
335.jpg,7902+07 Nurra Communist
286.jpg,DRG Nepal 02718
327.jpg,1645 )
334.jpg,hardware
294.jpg,08719 |
337.jpg,Unauthorized @ Exell ] balsamina #
333.jpg,Roller Youtube
332.jpg,Usenet antagonistic
340.jpg,Nazim 701 &
309.jpg,foibles Eutelsat
341.jpg,43895
347.jpg,JIS
342.jpg,Recent Necva Challis
346.jpg,VIENTIANE @Lines JARA
349.jpg,roughen
317.jpg,Jacksonville
318.jpg,depletes_Orchis
322.jpg,OPTICON_GKS (
355.jpg,nationality Keepsake Genre
356.jpg,KHASHOGGI Shikshan_vocations
359.jpg,Mpi priority VIETNAMESE
360.jpg,Interceltique-Joe > [8095+1]
358.jpg,Kostantyn: gained?
364.jpg,DOLOMITIZATION ,
362.jpg,velfarre
365.jpg,WCYQ
338.jpg,3827 Birjand Hazara "
368.jpg,Deco Nisqually
366.jpg,Ichiro Rusty .
339.jpg,Fernandina .
367.jpg,Jeremy
369.jpg,(Unprefixed) :
343.jpg,Leightonstone <
350.jpg,43
344.jpg,Trojans
377.jpg,provoking
348.jpg,Repeated TRUNKLINE
352.jpg,Abhishap 563702
354.jpg,retention Enix
376.jpg,Halorhodospira
374.jpg,displacing @ GWEN #Discipline
353.jpg,jolly Vir BATS
378.jpg,Palapye
380.jpg,Cracking Vw Newt
357.jpg,projectile = Intakes 4 @
381.jpg,Litvinov COLLEAGUE % Samuthirakani
382.jpg,[Jorge] Zwanenberg )
379.jpg,Zsasz @Johnnie Dean_DMSP
386.jpg,Islands Waco
390.jpg,Kongens
387.jpg,SO
391.jpg,Dumont
361.jpg,SYMS-Portability Ergonomic
363.jpg,Harwell 16 Taplin
395.jpg,Thymidine Leonardo
392.jpg,Lasowice "47153" crime
393.jpg,Modeled; Kenyan ~Third
400.jpg,~Track \
398.jpg,preeminent
399.jpg,DIAL Crowborough
401.jpg,Cooking %
397.jpg,Kaj Halftime , Jabal
370.jpg,4238719 ]
403.jpg,homophones-USSR
406.jpg,objective
402.jpg,'Lenders' Digby
409.jpg,Ysa Nowy =
408.jpg,Ear ) representations
373.jpg,exonerate ` Benno @ Distillation
405.jpg,PROSPEROUS
372.jpg,NIKOLAUS _ GenomEUtwin? )
415.jpg,birdwatchers
385.jpg,Visiting
417.jpg,Waasland HIJO
413.jpg,Lillegard Idris
414.jpg,interact-Kierkegaard ^ 34761 %
416.jpg,Persson
421.jpg,Geometrically
419.jpg,plunder _
384.jpg,Kunju:
383.jpg,LILA extirpation 2574963-34
420.jpg,Nadi :
388.jpg,426 Hendrix
418.jpg,presenter charisma Ganzhi;
424.jpg,Beers
422.jpg,Dunant
430.jpg,Assert :
423.jpg,Estanislao RA
426.jpg,Thoracic
431.jpg,NPR LinuxTV _
427.jpg,Wolfpack
434.jpg,CANTIGAS
432.jpg,[Warring] 179 > Tommy &
436.jpg,Liquid _ Universitatea
435.jpg,Kulturforum ^ 607291 fraterculus
433.jpg,emptied GODUNOV
443.jpg,254
439.jpg,Crucibles
444.jpg,DHAN 7618324
407.jpg,4318906 [ Jambhekar
438.jpg,entailed ^
440.jpg,DICE {#Blamed}
410.jpg,Merced - formulate
412.jpg,Jotham
441.jpg,Violet \ Rappers Hammarby
446.jpg,Kalkberg
445.jpg,Kazamachi Shrikant ]
455.jpg,Crawfish Mcmxcv Immature
450.jpg,Sexy 2718
411.jpg,Stagedoor Churches [Handstand]
453.jpg,HUDSONS Media : upstarts
447.jpg,Cassana Squadron CSEB
451.jpg,[Awesome]
452.jpg,Improbability $
463.jpg,CEVS > CHINK
425.jpg,"Flora"
454.jpg,Tuktamysheva (resin) Technologies !
459.jpg,Pavlovian
457.jpg,divacancy - Ophthalmologist ~
460.jpg,[Coxeter] Mediation
464.jpg,CAL
471.jpg,coincidentally ]
468.jpg,3579 ADVISED Solving
428.jpg,INTERNALLY generally & Prijuoste
469.jpg,~armada Fears
442.jpg,Immediate DURO
473.jpg,Infection 867
475.jpg,Usl ' Zulfikar ) bay
476.jpg,Powdered insanity Jayshree #
478.jpg,Identification
487.jpg,cent-Nahargarh VAX  
481.jpg,Liqeni ' 7849.4716
480.jpg,Expenses-Pickersgill
449.jpg,Rv Jagadish Ya
482.jpg,05648
491.jpg,Orville
456.jpg,Ngao Tulipa fouled
489.jpg,GILEAD Joachim
496.jpg,justify ATV ` Parental
498.jpg,KOKON # Aquinas Elbe
492.jpg,Laurentian Pr
490.jpg,Fourteenth . Naiads injurious_Issue
461.jpg,luster SCALES
494.jpg,Remis
497.jpg,Consents
495.jpg,NICE ,
465.jpg,0583/619 Gotham < Of ]
470.jpg,91723 Hold_kinds trumpet? .
500.jpg,Coral ( 07915
474.jpg,Toleranzpreis TOOL
472.jpg,Groundwave
493.jpg,films Kuala contextual
499.jpg,Zeit Ycce MCELWEE
512.jpg,mixes
504.jpg,dich Jumpers 9
509.jpg,aggravated | ~August Dismissed
511.jpg,Glinka _ taxis
514.jpg,PSEUDORYZOMYS >
477.jpg,Mid ?
510.jpg,Ulivo
483.jpg,Huffman $
486.jpg,[Cc] Verily
479.jpg,Warriors
513.jpg,35 Mauro ( 310
519.jpg,Kanslihuset Jack
521.jpg,Representation subscription
516.jpg,Thrissur-fabricated Purton Palmyra
517.jpg,Affairs |
522.jpg,RAZZ
524.jpg,Zone 042958
520.jpg,325791*5 ` Metro Waterford
523.jpg,Legionnaires 0538
532.jpg,protected
527.jpg,Borujerd Portage
531.jpg,FUZOKU
533.jpg,MARNE Subsequent
528.jpg,rejecting Remake ] comique
501.jpg,Items
530.jpg,Kain complicates
505.jpg,6873 FUNGIVORES
535.jpg,FURNISHES choreograph Huron
502.jpg,6031827 Kippur 7961
507.jpg,1 Meadowhawk
508.jpg,Brewing "
534.jpg,Khalil Violet Techniques
506.jpg,Xv ( Chandni-meltwater
537.jpg,Ozokwor Vw? GLOBE (
536.jpg,@Thelonious ? LAGRANGE
541.jpg,Samoy
540.jpg,Olympic Surveyed
543.jpg,Finnvox
538.jpg,Prejudice Mustang Hawkesbury
546.jpg,#Safeguards
551.jpg,Dangerous
526.jpg,Jacoby 'SUNY'
518.jpg,MacDonald
550.jpg,Howden €
554.jpg,Bloom #SZSE
556.jpg,Giugiaro 741
553.jpg,SFSR @MUTHURAJ ;
525.jpg,Numanohara 31980,5
552.jpg,Hesperosaurus
557.jpg,Tijuana - Bogged 6850134
559.jpg,Torkay
558.jpg,Ieyasu Bosanska
563.jpg,Restrain ;
565.jpg,Foursquare ,
562.jpg,Thodupzha_Uists FAP
529.jpg,970 Meps Hooker
566.jpg,KYLZ
570.jpg,Rsl AE contend
539.jpg,frequently
571.jpg,Equalization LIGURIA carbohydrate [
572.jpg,9 ] Analyzed
573.jpg,leaden 76 ) 8320
544.jpg,Voleibol_Jouvenel
574.jpg,Nikkie
542.jpg,HJK Divisione
548.jpg,513
578.jpg,87 Qix
577.jpg,ossified } 81 Image
580.jpg,18 | DiGeorge
579.jpg,Moog testers
581.jpg,Calcium
582.jpg,Hah } DesRon
555.jpg,@Jorge ] (OLSON)
586.jpg,(Juvenile) ;
583.jpg,PRINTABLE *
584.jpg,OBA
585.jpg,103
588.jpg,Vulgate NFC ` Fuat
561.jpg,Clade; @Greenspun Dhl
560.jpg,Totalled
564.jpg,Baronesse Devarajan Rake
593.jpg,240+6581
597.jpg,ritualistic Alejo
591.jpg,CREETINGS
592.jpg,Occupancy-coadjutor Majeed
567.jpg,QAEDA Weisman Freziera
569.jpg,Andrzej >
568.jpg,Usaid Vfb # OWNER +
602.jpg,rapes ZX
601.jpg,West
575.jpg,Espn Portishead
604.jpg,Sejms steel (
599.jpg,forbs Vaidyasala "because"
605.jpg,Osbern
576.jpg,Thorsport? ^ RIOTS MahaRaas &
610.jpg,BC Kirklees
607.jpg,Dad @WRANGEL
608.jpg,DISTINGUISHED nondescript-Kira >
611.jpg,planks ^
613.jpg,THOU Holbay Karsh +
612.jpg,jurors Konrad
614.jpg,Jordain %
615.jpg,Navassa {Mango}
616.jpg,KEVIN Janice
622.jpg,7 Immulog
623.jpg,tears switching :
595.jpg,79203 REFLOATED
619.jpg,HARVEY
620.jpg,#WILLS ;
594.jpg,Mujbir \
590.jpg,Ken-Telemadrid
621.jpg,CPSL (7)
600.jpg,Jagodina (inquest) '
596.jpg,Lands ^ @Versus ~Shmona
625.jpg,Zachary YEATES
627.jpg,Notranje
603.jpg,Fatherland-Newcomb
598.jpg,'Choate' Demilitarization
629.jpg,BERGS
630.jpg,Reacquired Xiv
606.jpg,SUMMER Muromachi
631.jpg,Apply
609.jpg,582016 +
636.jpg,rods € Erroneous_narrows
637.jpg,93*123 AAC
643.jpg,McKnight $ Organization Adjust
649.jpg,Publications ~
640.jpg,Recalls ` shaded <
646.jpg,Glyptolepis
617.jpg,Fairy_Wagga Role / be
650.jpg,Lutheran
645.jpg,{Lace} 165273 Dealt
647.jpg,{Swapna}
651.jpg,Byron Welcomed ? Irit:
618.jpg,"photojournalist" Growing Waggons
624.jpg,Tsuna Montrose |
654.jpg,Vipond
655.jpg,Zalesie
642.jpg,630952 ? Vance Urgent
626.jpg,[Franconian] ] #Oru |
660.jpg,Inquisition
635.jpg,[Valkanda]
659.jpg,6058421 Republics +
633.jpg,shipwrecks
632.jpg,Idaho Kosikhinsky
628.jpg,derailed-Vnanje 419260 BAKALINSKY
658.jpg,Disease :
634.jpg,LECTURE Goldfinch -
661.jpg,Personalization _ Tulloch
664.jpg,Or #Lopez Nitride
663.jpg,Erinn # Quote ~Nerfu -
666.jpg,Eggolsheim Porolepiform Voronezh
641.jpg,parranda Kuhgir: Leaved
667.jpg,Cristo-parade brigs
669.jpg,Hired #Jonas
670.jpg,index_attract = Juditten !
648.jpg,Courchevel Letseng Haven
668.jpg,Microsoft-Yasca BENCH . Upriver;
674.jpg,DePauw Bonjour
653.jpg,Openwide
678.jpg,Jefferson
679.jpg,UEFA FEDs:
682.jpg,assumed Quintero
652.jpg,extremity_MacIntyre Gill {
675.jpg,Friedman Fenian INDUSTRIOUS .
680.jpg,{KHANQAHEY} NJ; ;
681.jpg,97 Offense
657.jpg,block = Kickers "
656.jpg,ending zombie Estates }
686.jpg,forcible Nazi
685.jpg,systems; - (Glan) :
692.jpg,Jasper ]
684.jpg,Swapnam Highlights
693.jpg,Imgc creolized superseding
662.jpg,Rabe Walking Yongun
687.jpg,'Adlard' "RAK" moistened
691.jpg,Aspired
694.jpg,FUNAKI SZSE
671.jpg,slumping * RINALDI: =
695.jpg,Olasupo
696.jpg,Catalogs
699.jpg,Qaboos
701.jpg,PUGET
665.jpg,Brahmotsavam mandolins {Softens}
697.jpg,Holstein Alex
673.jpg,6837190
698.jpg,Tejas arap-MacDonaghs .
702.jpg,Cabrillo ^
676.jpg,Angelo Livejournal
703.jpg,Taiichi Cxc 'Quote'
708.jpg,Fie Wilding [enquired] -
704.jpg,Frankof
677.jpg,Lunenburg; LAMMPS Freccia /
683.jpg,foral
716.jpg,Dug '
710.jpg,Ulaanbaatar ~Facilities ~
712.jpg,62 *
719.jpg,Og Axana
718.jpg,FREQUENT Niels  
688.jpg,MUNDO : Vulneraria '
690.jpg,Sitcom Martinique €
721.jpg,Issac-animation {
724.jpg,Dudley
728.jpg,reintroducing Obitu
726.jpg,oxide
727.jpg,Jnet Hearted Jalandhar
700.jpg,Badminton Amarvs Gonzales
707.jpg,Campaneiros
730.jpg,BABBACOMBE juniors Quartz?
709.jpg,Ter 53 Edmond
706.jpg,Kaliyur
705.jpg,Jandial = Kushwaha 'Plaza?'
711.jpg,Classy _ religiously-quaff
734.jpg,Behemoth Wurzburg gmina
713.jpg,413852
714.jpg,COMMUNICATION : Moths +
733.jpg,Farsi Giants Unarmoured
739.jpg,SEF
717.jpg,Gastspiel-Hyatt
741.jpg,Khilafat
720.jpg,Miss Tibetan ,
742.jpg,GURDY Jedah
723.jpg,Mosquitoes )
738.jpg,Olga ENROLS
743.jpg,fertilization
744.jpg,River Schoolteacher Ke
725.jpg,Obitu ~Metrorail 351029
749.jpg,Chalco % Nurfc
746.jpg,lenience Hue ` Wesleyan
748.jpg,'cosmetic_Gaochang' SULPHIDE Doj
729.jpg,Nazareth
732.jpg,concurrencies
753.jpg,sign REFORMERS
754.jpg,Valdez:
731.jpg,Numanohara ` Brandons WOODS
735.jpg,ARBON PROPHECIES squamosals %
747.jpg,9576081 [ delle Curve
757.jpg,Czarna
756.jpg,Returning ?
762.jpg,VSV
759.jpg,Hazlitt-catchphrase
760.jpg,Umm 21 957046
737.jpg,Phantom-Scarp
736.jpg,No ) Niacc 8
761.jpg,Fridays Much ensign
740.jpg,Yaddo
764.jpg,stupid funny Quoy
745.jpg,Pasqual
772.jpg,Nanashi '
768.jpg,Olga; Placenames Nang
774.jpg,Harmony ' Njrotc RI
775.jpg,WDA-endeavours /
767.jpg,348 5610384 Aquifers
773.jpg,Bullock [
780.jpg,352640 Inherently
777.jpg,agreement
779.jpg,Windpumps
778.jpg,Ternary . ISU 4057
751.jpg,EFREI Instructors
752.jpg,ZPL
750.jpg,Ulrica Pradesh .
787.jpg,BATF
785.jpg,[Oxeye]
755.jpg,foramina Giving
782.jpg,53-9 Edinboro Oregon
786.jpg,Khalil
794.jpg,posting Interpretive PRIME
796.jpg,(Zaphod) ` Nyc Ethoxylated
789.jpg,cavalry-annoying Kom
790.jpg,Sediments
792.jpg,shorebirds
800.jpg,throng 804
801.jpg,0923
799.jpg,Vinding Melodies Naseem
791.jpg,Gogh Belleville Enraged
802.jpg,Vivahaya Suburbs Tap
798.jpg,{Marshes} Xiv
807.jpg,54732
770.jpg,jar Qing
809.jpg,Namsan #lamp
804.jpg,LLANO \ Semimetallic /
811.jpg,Governmental Azimuthbjerg
810.jpg,Maghrib
806.jpg,Narysec echelon
763.jpg,smallpox bikers 27 _
813.jpg,rostral
776.jpg,MIRA & Jabir (FitzRoy)
816.jpg,EDGING Zuis = Tchiquaqueia
815.jpg,5463071
822.jpg,{Trois}
817.jpg,jewels Equinox gulag
820.jpg,~Integrity? /
783.jpg,Portia Owls Orvola
821.jpg,UPPSALA Hydroelectric-FROA >
819.jpg,Cch
818.jpg,Bintree Liqueur €
784.jpg,081695
823.jpg,squat } Gurewitz Sixsmith
812.jpg,WALLACE Backoffice
788.jpg,Rodriguez
793.jpg,dorsosejugal "Zealand" ~
831.jpg,Ruhen
824.jpg,BAW Personen `
834.jpg,Improving intoxication
828.jpg,#Litigants
829.jpg,#Manakondur:
830.jpg,jewels \
839.jpg,Enlisted Owls Kai
837.jpg,Rickman ^
841.jpg,Deprived Koneswarar confirm =
835.jpg,TSUKAMURA
805.jpg,Voa Lucca also
808.jpg,Kavita
838.jpg,Hawkeye-Uzbek
843.jpg,Rupp ? OCCUPIED Wmkx
836.jpg,NERFU * Bailed
827.jpg,Apologizes ( Portfolios (match) \
840.jpg,Karjalan outcrop "Sven"
842.jpg,THALLOSE Volta Jiu
847.jpg,Corbijn Cipher
846.jpg,43581*318704 <
844.jpg,41352 Freie
814.jpg,Przemyska Pinpoint: Grierson
848.jpg,#theatre 6524703 +
850.jpg,Opting
849.jpg,Benchmarking Vesterbro Hermitage
845.jpg,705231 Virginal
856.jpg,Coma $
854.jpg,lavish
853.jpg,Kalla_anticult
855.jpg,Herr PAULINE ;
864.jpg,Hamasaki Shortfall #quarrel
860.jpg,Boris
861.jpg,RODENVILLE Bosnian
866.jpg,Stories
826.jpg,Dhl
863.jpg,WVF Mep Rosa
859.jpg,(Judogis)
872.jpg,DOORLEY !
862.jpg,SICAF Distiller Richie
873.jpg,Idea rebounder Nunciature
869.jpg,Odia Mostaq Sssi
833.jpg,Buys-Horwood misinterpreting Twitch
832.jpg,queer Haile;
868.jpg,kheshig Juminten 47
870.jpg,Newsreaders Maree <
880.jpg,4271*1096745 Valdeleite
874.jpg,0936851 Zooey Khafji
881.jpg,decompose
875.jpg,Medallist
878.jpg,Ostendarp € 682-6349
876.jpg,Cheerleader Seleucus
879.jpg,Kurri \ Mitchelson # Norinco
885.jpg,biologist ~alterations (
886.jpg,Beltway
895.jpg,Vi
888.jpg,equipped: ,
893.jpg,financing
892.jpg,Jemima ( Ireland
851.jpg,figurine Andreas 65317
858.jpg,07819 ~ exposable
896.jpg,YURYSDYKA Gotha Sesha ]
903.jpg,schedules #
865.jpg,Canton Khadim
899.jpg,Ope Suspense Smallpox
902.jpg,Ville turbulent Dojutsu
901.jpg,grazing Golf chickpea
904.jpg,Reicher > eupolypods
871.jpg,Zalesie
910.jpg,Pushing; XANTHOPLEURA
905.jpg,PUP Bonapartism edges )
877.jpg,[paperwork]
884.jpg,Ghoshal \
909.jpg,8 Essen Plastic
906.jpg,Squirrel (Scriptoribus) Fearnet
915.jpg,Gaza Lesson 529370
911.jpg,Kilowatt Antennal
883.jpg,Miles
890.jpg,WILLIAM @
882.jpg,Karaoke Cindy Magnetic
914.jpg,Tibetans Ugliness ALLEYWAYS ;
887.jpg,Mayes
913.jpg,Careful 'BERGEN' NPS
922.jpg,198630
923.jpg,Elected "Fusarium" DOME
919.jpg,@Fogapoa
916.jpg,GONGQING
925.jpg,8 Governments %
928.jpg,Janatara
898.jpg,Cutout alto WMKX
926.jpg,Kilbride + HERMITAGE +
929.jpg,chocolate Netherthorpe
933.jpg,Hylton
900.jpg,Consoling > Hopkins ,
932.jpg,Jaeger
927.jpg,Suppression {Suggesting}
930.jpg,Muricatum Turks
931.jpg,Lincombes   mercy |
935.jpg,Livelihood
942.jpg,Lakes
936.jpg,hole
937.jpg,Hoarse
939.jpg,me Of Shroud /
949.jpg,Lucky Be
938.jpg,apparatus Expanding
908.jpg,DOUBT Defending ! Bahr
943.jpg,Dagmara ' unbaptized Intramural
946.jpg,Krai _ [jishin] ; lymph
945.jpg,Franciszek airports *
952.jpg,ESPN Modernize
917.jpg,Recreation
950.jpg,Concacaf Presidency
956.jpg,Specification Rolling
955.jpg,Karaelmas *
924.jpg,30
959.jpg,137
958.jpg,Terminated & Average
962.jpg,expectancy_stalking rallies
934.jpg,Roure
967.jpg,Umaglesi Warrior Vivid ^
969.jpg,[CFR] Archaeologist >
971.jpg,Acquiring Corell ATMOSPHERIC
973.jpg,Investigation
968.jpg,VT recovered? - 69274
970.jpg,Vehicle
941.jpg,Queerer Narrowest #
951.jpg,7 Owls
948.jpg,Alexandre
974.jpg,6420753
966.jpg,Elector / EXPOSABLE
947.jpg,HighNote ' Junius
944.jpg,Heddal WaterBrook uncontrollable
976.jpg,Industrielle
975.jpg,Combines
977.jpg,1726540 Humberside
954.jpg,Henk @ Nordin
979.jpg,Highlights 7093,3270984
978.jpg,Sensuality
957.jpg,optic
980.jpg,wettest Unterland [
953.jpg,6384159 # Czerwin
961.jpg,Tomoki AJAY
992.jpg,#Rosell: "
997.jpg,RSV
964.jpg,Saleswoman
995.jpg,Infrastructure ECML $ 9
963.jpg,THY cruz @ Intervener
994.jpg,hostel + Easel %
987.jpg,Esperance
989.jpg,squid :
988.jpg,loam Adjoining rump ?
999.jpg,Erected
972.jpg,6,46178
981.jpg,It 036
983.jpg,caliber $ RFC
982.jpg,Strange persons
984.jpg,Abigail "
986.jpg,Atul {
990.jpg,Roasts Bright 32046
998.jpg,Freudian %
